{
  "title": "Project Manager",
  "department": "Not specified",
  "level": "Not specified",
  "employment_type": "Not specified",
  "location": "Not specified",
  "remote_policy": null,
  "required_skills": [
    {
      "skill": "Project management",
      "importance": "Critical",
      "category": "Domain"
    },
    {
      "skill": "Agile methodology",
      "importance": "Important",
      "category": "Technical"
    },
    {
      "skill": "Waterfall methodology",
      "importance": "Important",
      "category": "Technical"
    },
    {
      "skill": "Leadership",
      "importance": "Critical",
      "category": "Soft"
    },
    {
      "skill": "Communication",
      "importance": "Critical",
      "category": "Soft"
    },
    {
      "skill": "Organizational",
      "importance": "Critical",
      "category": "Soft"
    },
    {
      "skill": "Microsoft Project",
      "importance": "Important",
      "category": "Technical"
    },
    {
      "skill": "Asana",
      "importance": "Important",
      "category": "Technical"
    }
  ],
  "responsibilities": [
    {
      "description": "Define project scope, objectives, and deliverables in collaboration with senior management and stakeholders.",
      "category": "Primary"
    },
    {
      "description": "Develop detailed project plans, assign tasks, and track progress.",
      "category": "Primary"
    },
    {
      "description": "Identify and mitigate project risks and address any issues that arise.",
      "category": "Primary"
    },
    {
      "description": "Facilitate communication between project teams and stakeholders.",
      "category": "Primary"
    },
    {
      "description": "Ensure projects meet quality standards and are completed on time and within budget.",
      "category": "Primary"
    }
  ],
  "required_experience": "5+ years of experience in project management",
  "required_education": "Bachelor\u2019s degree in Business, Management, or related field.",
  "salary_range": null,
  "benefits": null,
  "company_overview": null,
  "additional_notes": null,
  "quality_score": 85,
  "missing_elements": [
    "Department",
    "Level",
    "Employment Type",
    "Location",
    "Remote Policy",
    "Salary Range",
    "Benefits",
    "Company Overview"
  ],
  "essence_summary": "Seeking an experienced Project Manager to lead cross-functional teams, ensuring projects are delivered on time, within budget, and meet quality standards.",
  "source_file": "Project Manager.docx"
}