{
    "position": {
        "title": "Data Engineer",
        "level": "Not specified",
        "department": "Not specified"
    },
    "requirements": {
        "must_have_skills": [
            "Python",
            "SQL",
            "Cloud Computing (AWS/Azure/GCP)",
            "ETL/ELT Development",
            "Data Warehouse Technologies",
            "Data Lake Technologies",
            "Orchestration Tools"
        ],
        "preferred_skills": [
            "Data Analysis",
            "Data Security",
            "Machine Learning Frameworks"
        ],
        "minimum_experience": 4.0,
        "education": []
    },
    "core_responsibilities": [
        "Develop, implement & test scripts and programs in Python for data automation",
        "Utilize SQL for data extraction, manipulation, and loading",
        "Perform data analysis and profiling",
        "Manage and monitor data security",
        "Collaborate with teams to meet client data needs"
    ],
    "industry_knowledge": [],
    "seniority": {
        "level": "Not specified",
        "details": {}
    },
    "quality_metrics": {
        "score": 60,
        "missing_elements": [
            "Employment Type",
            "Location",
            "Remote Policy",
            "Salary Range",
            "Benefits",
            "Company Overview",
            "Required Education"
        ]
    }
}